author,text,date
Whitney Brown,Verified Purchase,"Reviewed in the United States on July 7, 2021"
Eiskatze,Verified Purchase,"Reviewed in the United States on March 4, 2019"
Billy Johnson,Verified Purchase,"Reviewed in the United States on May 24, 2019"
Katelyn goering,Verified Purchase,"Reviewed in the United States on March 24, 2021"
Timothy A. Taylor,Verified Purchase,"Reviewed in the United States on March 19, 2022"
Sandra G.,Verified Purchase,"Reviewed in the United States on March 4, 2019"
Amazon Customer,Verified Purchase,"Reviewed in the United States on March 29, 2021"
Amra,Verified Purchase,"Reviewed in the United States on February 17, 2019"
pietro,Verified Purchase,"Reviewed in Italy on December 28, 2022"
OLIVIER DETRY,Verified Purchase,"Reviewed in France on December 26, 2020"